{
  "learning_rate": 0.02584767418597009,
  "num_leaves": 120,
  "max_depth": 8,
  "min_child_samples": 88,
  "subsample": 0.7683101966168298,
  "colsample_bytree": 0.6032170336651561,
  "reg_alpha": 9.085572463118556e-07,
  "reg_lambda": 3.9902682995713725
}