{
  "learning_rate": 0.0638961723564738,
  "num_leaves": 77,
  "max_depth": 7,
  "min_child_samples": 73,
  "subsample": 0.9869178331624755,
  "colsample_bytree": 0.6670762635746822,
  "reg_alpha": 0.0057744616802855595,
  "reg_lambda": 0.7194982977033505
}