{
  "learning_rate": 0.1084671045307227,
  "num_leaves": 56,
  "max_depth": 10,
  "min_child_samples": 88,
  "subsample": 0.9790764479745321,
  "colsample_bytree": 0.639835135423135,
  "reg_alpha": 0.0005496145774609021,
  "reg_lambda": 0.00027447706893370653
}