{
  "learning_rate": 0.10080185012027773,
  "num_leaves": 107,
  "max_depth": 9,
  "min_child_samples": 89,
  "subsample": 0.9994585703738613,
  "colsample_bytree": 0.7129135810130988,
  "reg_alpha": 0.0003198979291294628,
  "reg_lambda": 0.00014999256866002816
}